<?xml version="1.0" encoding="UTF-8"?>
<configurationDescriptor version="95">
  <logicalFolder name="root" displayName="root" projectFiles="true" kind="ROOT">
    <logicalFolder name="HeaderFiles"
                   displayName="Header Files"
                   projectFiles="true">
    </logicalFolder>
    <logicalFolder name="ResourceFiles"
                   displayName="Resource Files"
                   projectFiles="true">
    </logicalFolder>
    <logicalFolder name="SourceFiles"
                   displayName="Source Files"
                   projectFiles="true">
      <itemPath>main.cpp</itemPath>
    </logicalFolder>
    <logicalFolder name="TestFiles"
                   displayName="Test Files"
                   projectFiles="false"
                   kind="TEST_LOGICAL_FOLDER">
    </logicalFolder>
    <logicalFolder name="ExternalFiles"
                   displayName="Important Files"
                   projectFiles="false"
                   kind="IMPORTANT_FILES_FOLDER">
      <itemPath>Makefile</itemPath>
    </logicalFolder>
  </logicalFolder>
  <projectmakefile>Makefile</projectmakefile>
  <confs>
    <conf name="Debug" type="1">
      <toolsSet>
        <compilerSet>default</compilerSet>
        <dependencyChecking>true</dependencyChecking>
        <rebuildPropChanged>false</rebuildPropChanged>
      </toolsSet>
      <compileType>
        <ccTool>
          <incDir>
            <pElem>/usr/local/include</pElem>
            <pElem>/usr/local/include/opencv</pElem>
            <pElem>/usr/local/include/opencv2</pElem>
          </incDir>
        </ccTool>
        <linkerTool>
          <linkerAddLib>
            <pElem>/usr/local/lib</pElem>
          </linkerAddLib>
          <linkerLibItems>
            <linkerLibFileItem>/usr/local/lib/libopencv_calib3d.3.0.0.dylib</linkerLibFileItem>
            <linkerLibFileItem>/usr/local/lib/libopencv_calib3d.3.0.dylib</linkerLibFileItem>
            <linkerLibFileItem>/usr/local/lib/libopencv_calib3d.dylib</linkerLibFileItem>
            <linkerLibFileItem>/usr/local/lib/libopencv_core.3.0.0.dylib</linkerLibFileItem>
            <linkerLibFileItem>/usr/local/lib/libopencv_core.3.0.dylib</linkerLibFileItem>
            <linkerLibFileItem>/usr/local/lib/libopencv_core.dylib</linkerLibFileItem>
            <linkerLibFileItem>/usr/local/lib/libopencv_features2d.3.0.0.dylib</linkerLibFileItem>
            <linkerLibFileItem>/usr/local/lib/libopencv_features2d.3.0.dylib</linkerLibFileItem>
            <linkerLibFileItem>/usr/local/lib/libopencv_features2d.dylib</linkerLibFileItem>
            <linkerLibFileItem>/usr/local/lib/libopencv_flann.3.0.0.dylib</linkerLibFileItem>
            <linkerLibFileItem>/usr/local/lib/libopencv_flann.3.0.dylib</linkerLibFileItem>
            <linkerLibFileItem>/usr/local/lib/libopencv_flann.dylib</linkerLibFileItem>
            <linkerLibFileItem>/usr/local/lib/libopencv_hal.a</linkerLibFileItem>
            <linkerLibFileItem>/usr/local/lib/libopencv_highgui.3.0.0.dylib</linkerLibFileItem>
            <linkerLibFileItem>/usr/local/lib/libopencv_highgui.3.0.dylib</linkerLibFileItem>
            <linkerLibFileItem>/usr/local/lib/libopencv_highgui.dylib</linkerLibFileItem>
            <linkerLibFileItem>/usr/local/lib/libopencv_imgcodecs.3.0.0.dylib</linkerLibFileItem>
            <linkerLibFileItem>/usr/local/lib/libopencv_imgcodecs.3.0.dylib</linkerLibFileItem>
            <linkerLibFileItem>/usr/local/lib/libopencv_imgcodecs.dylib</linkerLibFileItem>
            <linkerLibFileItem>/usr/local/lib/libopencv_imgproc.3.0.0.dylib</linkerLibFileItem>
            <linkerLibFileItem>/usr/local/lib/libopencv_imgproc.3.0.dylib</linkerLibFileItem>
            <linkerLibFileItem>/usr/local/lib/libopencv_imgproc.dylib</linkerLibFileItem>
            <linkerLibFileItem>/usr/local/lib/libopencv_ml.3.0.0.dylib</linkerLibFileItem>
            <linkerLibFileItem>/usr/local/lib/libopencv_ml.3.0.dylib</linkerLibFileItem>
            <linkerLibFileItem>/usr/local/lib/libopencv_ml.dylib</linkerLibFileItem>
            <linkerLibFileItem>/usr/local/lib/libopencv_objdetect.3.0.0.dylib</linkerLibFileItem>
            <linkerLibFileItem>/usr/local/lib/libopencv_objdetect.3.0.dylib</linkerLibFileItem>
            <linkerLibFileItem>/usr/local/lib/libopencv_objdetect.dylib</linkerLibFileItem>
            <linkerLibFileItem>/usr/local/lib/libopencv_photo.3.0.0.dylib</linkerLibFileItem>
            <linkerLibFileItem>/usr/local/lib/libopencv_photo.3.0.dylib</linkerLibFileItem>
            <linkerLibFileItem>/usr/local/lib/libopencv_photo.dylib</linkerLibFileItem>
            <linkerLibFileItem>/usr/local/lib/libopencv_shape.3.0.0.dylib</linkerLibFileItem>
            <linkerLibFileItem>/usr/local/lib/libopencv_shape.3.0.dylib</linkerLibFileItem>
            <linkerLibFileItem>/usr/local/lib/libopencv_shape.dylib</linkerLibFileItem>
            <linkerLibFileItem>/usr/local/lib/libopencv_stitching.3.0.0.dylib</linkerLibFileItem>
            <linkerLibFileItem>/usr/local/lib/libopencv_stitching.3.0.dylib</linkerLibFileItem>
            <linkerLibFileItem>/usr/local/lib/libopencv_stitching.dylib</linkerLibFileItem>
            <linkerLibFileItem>/usr/local/lib/libopencv_superres.3.0.0.dylib</linkerLibFileItem>
            <linkerLibFileItem>/usr/local/lib/libopencv_superres.3.0.dylib</linkerLibFileItem>
            <linkerLibFileItem>/usr/local/lib/libopencv_superres.dylib</linkerLibFileItem>
            <linkerLibFileItem>/usr/local/lib/libopencv_ts.a</linkerLibFileItem>
            <linkerLibFileItem>/usr/local/lib/libopencv_video.3.0.0.dylib</linkerLibFileItem>
            <linkerLibFileItem>/usr/local/lib/libopencv_video.3.0.dylib</linkerLibFileItem>
            <linkerLibFileItem>/usr/local/lib/libopencv_video.dylib</linkerLibFileItem>
            <linkerLibFileItem>/usr/local/lib/libopencv_videoio.3.0.0.dylib</linkerLibFileItem>
            <linkerLibFileItem>/usr/local/lib/libopencv_videoio.3.0.dylib</linkerLibFileItem>
            <linkerLibFileItem>/usr/local/lib/libopencv_videoio.dylib</linkerLibFileItem>
            <linkerLibFileItem>/usr/local/lib/libopencv_videostab.3.0.0.dylib</linkerLibFileItem>
            <linkerLibFileItem>/usr/local/lib/libopencv_videostab.3.0.dylib</linkerLibFileItem>
            <linkerLibFileItem>/usr/local/lib/libopencv_videostab.dylib</linkerLibFileItem>
          </linkerLibItems>
        </linkerTool>
      </compileType>
      <item path="main.cpp" ex="false" tool="1" flavor2="0">
      </item>
    </conf>
    <conf name="Release" type="1">
      <toolsSet>
        <compilerSet>default</compilerSet>
        <dependencyChecking>true</dependencyChecking>
        <rebuildPropChanged>false</rebuildPropChanged>
      </toolsSet>
      <compileType>
        <cTool>
          <developmentMode>5</developmentMode>
        </cTool>
        <ccTool>
          <developmentMode>5</developmentMode>
        </ccTool>
        <fortranCompilerTool>
          <developmentMode>5</developmentMode>
        </fortranCompilerTool>
        <asmTool>
          <developmentMode>5</developmentMode>
        </asmTool>
      </compileType>
      <item path="main.cpp" ex="false" tool="1" flavor2="0">
      </item>
    </conf>
  </confs>
</configurationDescriptor>
